{
    "./movie_sgcate_result/BERT_BIGRec_CoT_vlCoT_ep25_1e-3_1000gred8.json": {
        "NDCG": [
            0.046639354785946864
        ],
        "HR": [
            0.039800000000000044
        ],
        "REP_RATE": [
            0.21450000000000027
        ],
        "DIV": [
            0.4729223809523843
        ],
        "COV": [
            2.47
        ],
        "MAE_COV": [
            5.53
        ]
    },
    "./movie_sgcate_result/BERT_BIGRec_noCoT_vlnoCoT_ep25_1e-3_1000gred5.json": {
        "NDCG": [
            0.04675637458678715
        ],
        "HR": [
            0.03950000000000007
        ],
        "REP_RATE": [
            0.25829999999999986
        ],
        "DIV": [
            0.48350166666666955
        ],
        "COV": [
            2.489
        ],
        "MAE_COV": [
            2.569
        ]
    },
    "./movie_sgcate_result/BERT_BIGRec_noCoT_vlnoCoT_ep25_1e-3_1000gred2.json": {
        "NDCG": [
            0.047761596007140555
        ],
        "HR": [
            0.040400000000000075
        ],
        "REP_RATE": [
            0.26109999999999983
        ],
        "DIV": [
            0.4828426190476219
        ],
        "COV": [
            2.481
        ],
        "MAE_COV": [
            1.115
        ]
    },
    "./movie_sgcate_result/BERT_BIGRec_CoT_vlCoT_ep25_1e-3_1000gred2.json": {
        "NDCG": [
            0.04676189647904869
        ],
        "HR": [
            0.04010000000000006
        ],
        "REP_RATE": [
            0.21410000000000035
        ],
        "DIV": [
            0.4783823809523843
        ],
        "COV": [
            2.485
        ],
        "MAE_COV": [
            1.029
        ]
    },
    "./movie_sgcate_result/BERT_BIGRec_CoT_vlCoT_ep25_1e-3_1000gred5.json": {
        "NDCG": [
            0.04652855320111763
        ],
        "HR": [
            0.03970000000000005
        ],
        "REP_RATE": [
            0.21500000000000027
        ],
        "DIV": [
            0.4769923809523841
        ],
        "COV": [
            2.478
        ],
        "MAE_COV": [
            2.56
        ]
    },
    "./movie_sgcate_result/BERT_BIGRec_noCoT_vlnoCoT_ep25_1e-3_1000gred8.json": {
        "NDCG": [
            0.04662750333467807
        ],
        "HR": [
            0.03950000000000008
        ],
        "REP_RATE": [
            0.25739999999999985
        ],
        "DIV": [
            0.4816873809523841
        ],
        "COV": [
            2.48
        ],
        "MAE_COV": [
            5.52
        ]
    }
}